t,2010,2011,2012,2013,2014,2015,2016,2017,2018,2019,2020,2021,2022,2023,2024,2025,2026,2027,2028,2029,2030,2031,2032,2033,2034,2035,2036,2037,2038,2039,2040,2041,2042,2043,2044,2045,2046,2047,2048,2049,2050
default,4808220000.0,4808220000.0,4808220000.0,4808220000.0,4808220000.0,4808220000.0,4808220000.0,4808220000.0,4808220000.0,4808220000.0,1995411300.0,1932904440.0,1870397580.0,1807890720.0,1745383860.0,1682877000.0,1625178360.0,1567479720.0,1509781080.0,1452082440.0,1394383800.0,1345099545.0,1295815290.0,1246531035.0,1197246780.0,1147962525.0,1098678270.0,1049394015.0,1000109760.0,950825505.0,901541250.0,852256995.0,802972740.0,753688485.0,704404230.0,655119975.0,605835720.0,556551465.0,507267210.0,457982955.0,408698700.0
90_by_2050,4808220000.0,4808220000.0,4808220000.0,4808220000.0,4808220000.0,4808220000.0,4808220000.0,4808220000.0,4808220000.0,4808220000.0,4808220000.0,4808220000.0,4808220000.0,1449363000.0,1372063640.0,1285101860.0,1207802500.0,1130503140.0,1043541360.0,966242000.0,886043914.0,804879586.0,724681500.0,644483414.0,563319086.0,483121000.0,466694886.0,451235014.0,434808900.0,418382786.0,402922914.0,386496800.0,370070686.0,354610814.0,338184700.0,321758586.0,306298714.0,289872600.0,273446486.0,257986614.0,241560500.0
95_by_2050,4808220000.0,4808220000.0,4808220000.0,4808220000.0,4808220000.0,4808220000.0,4808220000.0,4808220000.0,4808220000.0,4808220000.0,4808220000.0,4808220000.0,4808220000.0,1449363000.0,1401050900.0,1352738800.0,1304426700.0,1256114600.0,1207802500.0,1149827980.0,1101515880.0,1053203780.0,1004891680.0,957545822.0,908267480.0,858989138.0,809710796.0,760432454.0,711154112.0,661875770.0,613563670.0,564285328.0,515006986.0,465728644.0,416450302.0,367171960.0,317893618.0,268615276.0,219336934.0,170058592.0,120780250.0
2050_linear,4808220000.0,4808220000.0,4808220000.0,4808220000.0,4808220000.0,4808220000.0,4808220000.0,4808220000.0,4808220000.0,4808220000.0,1450000000.0,1401666667.0,1353333333.0,1305000000.0,1256666667.0,1208333333.0,1160000000.0,1111666667.0,1063333333.0,1015000000.0,966666666.7,918333333.3,870000000.0,821666666.7,773333333.3,725000000.0,676666666.7,628333333.3,580000000.0,531666666.7,483333333.3,435000000.0,386666666.7,338333333.3,290000000.0,241666666.7,193333333.3,145000000.0,96666666.67,48333333.33,0.0
start2023_100pct2035,4808220000.0,4808220000.0,4808220000.0,4808220000.0,4808220000.0,4808220000.0,4808220000.0,4808220000.0,4808220000.0,4808220000.0,4808220000.0,4808220000.0,4808220000.0,1327059692.0,1216471385.0,1105883077.0,995294769.0,884706462.0,774118154.0,663529846.0,552941538.0,442353231.0,331764923.0,221176615.0,110588308.0,0.0,0.0,0.0,0.0,0.0,0.0,0.0,0.0,0.0,0.0,0.0,0.0,0.0,0.0,0.0,0.0
start2023_95pct2035_100pct2050,4808220000.0,4808220000.0,4808220000.0,4808220000.0,4808220000.0,4808220000.0,4808220000.0,4808220000.0,4808220000.0,4808220000.0,4808220000.0,4808220000.0,4808220000.0,1340000000.0,1235019246.0,1133704869.0,1032390492.0,931076115.0,829761738.0,728447362.0,627132985.0,525818608.0,424504231.0,323189854.0,221875477.0,120561100.0,112523693.0,104486287.0,96448880.0,88411473.0,80374067.0,72336660.0,64299253.0,56261847.0,48224440.0,40187033.0,32149627.0,24112220.0,16074813.0,8037407.0,0.0
start2023_95pct2050,4808220000.0,4808220000.0,4808220000.0,4808220000.0,4808220000.0,4808220000.0,4808220000.0,4808220000.0,4808220000.0,4808220000.0,4808220000.0,4808220000.0,4808220000.0,1390609182.0,1343570364.0,1296531546.0,1249492729.0,1202453911.0,1155415093.0,1108376275.0,1061337457.0,1014298639.0,967259821.0,920221004.0,873182186.0,826143368.0,779104550.0,732065732.0,685026914.0,637988096.0,590949279.0,543910461.0,496871643.0,449832825.0,402794007.0,355755189.0,308716371.0,261677554.0,214638736.0,167599918.0,120561100.0
start2023_90pct2035_100pct2050,4808220000.0,4808220000.0,4808220000.0,4808220000.0,4808220000.0,4808220000.0,4808220000.0,4808220000.0,4808220000.0,4808220000.0,4808220000.0,4808220000.0,4808220000.0,1207802500.0,1127282333.0,1046762167.0,966242000.0,885721833.0,805201667.0,724681500.0,644161333.0,563641167.0,483121000.0,402600833.0,322080667.0,241560500.0,225456467.0,209352433.0,193248400.0,177144367.0,161040333.0,144936300.0,128832267.0,112728233.0,96624200.0,80520167.0,64416133.0,48312100.0,32208067.0,16104033.0,0.0
start2023_80pct2035_100pct2050,4808220000.0,4808220000.0,4808220000.0,4808220000.0,4808220000.0,4808220000.0,4808220000.0,4808220000.0,4808220000.0,4808220000.0,4808220000.0,4808220000.0,4808220000.0,1256114600.0,1191698467.0,1127282333.0,1062866200.0,998450067.0,934033933.0,869617800.0,805201667.0,740785533.0,676369400.0,611953267.0,547537133.0,483121000.0,450912933.0,418704867.0,386496800.0,354288733.0,322080667.0,289872600.0,257664533.0,225456467.0,193248400.0,161040333.0,128832267.0,96624200.0,64416133.0,32208067.0,0.0
start2023_70pct2035_100pct2050,4808220000.0,4808220000.0,4808220000.0,4808220000.0,4808220000.0,4808220000.0,4808220000.0,4808220000.0,4808220000.0,4808220000.0,4808220000.0,4808220000.0,4808220000.0,1304426700.0,1256114600.0,1207802500.0,1159490400.0,1111178300.0,1062866200.0,1014554100.0,966242000.0,917929900.0,869617800.0,821305700.0,772993600.0,724681500.0,676369400.0,628057300.0,579745200.0,531433100.0,483121000.0,434808900.0,386496800.0,338184700.0,289872600.0,241560500.0,193248400.0,144936300.0,96624200.0,48312100.0,0.0
start2023_60pct2035_100pct2050,4808220000.0,4808220000.0,4808220000.0,4808220000.0,4808220000.0,4808220000.0,4808220000.0,4808220000.0,4808220000.0,4808220000.0,4808220000.0,4808220000.0,4808220000.0,1352738800.0,1320530733.0,1288322667.0,1256114600.0,1223906533.0,1191698467.0,1159490400.0,1127282333.0,1095074267.0,1062866200.0,1030658133.0,998450067.0,966242000.0,901825867.0,837409733.0,772993600.0,708577467.0,644161333.0,579745200.0,515329067.0,450912933.0,386496800.0,322080667.0,257664533.0,193248400.0,128832267.0,64416133.0,0.0
start2023_50pct2035_100pct2050,4808220000.0,4808220000.0,4808220000.0,4808220000.0,4808220000.0,4808220000.0,4808220000.0,4808220000.0,4808220000.0,4808220000.0,4808220000.0,4808220000.0,4808220000.0,1401050900.0,1384946867.0,1368842833.0,1352738800.0,1336634767.0,1320530733.0,1304426700.0,1288322667.0,1272218633.0,1256114600.0,1240010567.0,1223906533.0,1207802500.0,1127282333.0,1046762167.0,966242000.0,885721833.0,805201667.0,724681500.0,644161333.0,563641167.0,483121000.0,402600833.0,322080667.0,241560500.0,161040333.0,80520167.0,0.0
2035_exponential,4808220000.0,4808220000.0,4808220000.0,4808220000.0,4808220000.0,4808220000.0,4808220000.0,4808220000.0,4808220000.0,4808220000.0,4808220000.0,4808220000.0,4808220000.0,1400000000.0,986563325.6,695219425.3,489912848.8,345235749.5,243283520.8,171438999.6,120811021.1,96000000.0,72000000.0,48000000.0,24000000.0,0.0,0.0,0.0,0.0,0.0,0.0,0.0,0.0,0.0,0.0,0.0,0.0,0.0,0.0,0.0,0.0
2035_linear,4808220000.0,4808220000.0,4808220000.0,4808220000.0,4808220000.0,4808220000.0,4808220000.0,4808220000.0,4808220000.0,4808220000.0,4808220000.0,4808220000.0,1372459458.0,1266885654.0,1161311849.0,1055738045.0,950164240.0,844590436.0,739016631.0,633442827.0,527869022.0,422295218.0,316721413.0,211147609.0,105573804.0,0.0,0.0,0.0,0.0,0.0,0.0,0.0,0.0,0.0,0.0,0.0,0.0,0.0,0.0,0.0,0.0
2035_piecewise,4808220000.0,4808220000.0,4808220000.0,4808220000.0,4808220000.0,4808220000.0,4808220000.0,4808220000.0,4808220000.0,4808220000.0,4808220000.0,4808220000.0,1372459458.0,1215902026.0,1059344593.0,902787161.0,746229729.0,589672297.0,433114864.0,276557432.0,120000000.0,96000000.0,72000000.0,48000000.0,24000000.0,0.0,0.0,0.0,0.0,0.0,0.0,0.0,0.0,0.0,0.0,0.0,0.0,0.0,0.0,0.0,0.0
2035_piecewise_midpoint,4808220000.0,4808220000.0,4808220000.0,4808220000.0,4808220000.0,4808220000.0,4808220000.0,4808220000.0,4808220000.0,4808220000.0,4808220000.0,4808220000.0,1256114600.0,1159490400.0,1062866200.0,966242000.0,869617800.0,772993600.0,676369400.0,579745200.0,483121000.0,386496800.0,289872600.0,193248400.0,96624200.0,0.0,0.0,0.0,0.0,0.0,0.0,0.0,0.0,0.0,0.0,0.0,0.0,0.0,0.0,0.0,0.0
start2023_80pct2030_100pct2035,4808220000.0,4808220000.0,4808220000.0,4808220000.0,4808220000.0,4808220000.0,4808220000.0,4808220000.0,4808220000.0,4808220000.0,4808220000.0,4808220000.0,4808220000.0,1159490400.0,1062866200.0,966242000.0,869617800.0,772993600.0,676369400.0,579745200.0,483121000.0,386496800.0,289872600.0,193248400.0,96624200.0,0.0,0.0,0.0,0.0,0.0,0.0,0.0,0.0,0.0,0.0,0.0,0.0,0.0,0.0,0.0,0.0
start2022_95pct2035_100pct2045,4808220000.0,4808220000.0,4808220000.0,4808220000.0,4808220000.0,4808220000.0,4808220000.0,4808220000.0,4808220000.0,4808220000.0,4808220000.0,4808220000.0,1395511233.0,1297455004.0,1199398774.0,1101342545.0,1003286315.0,905230086.0,807173856.0,709117627.0,611061397.0,513005168.0,414948938.0,316892709.0,218836479.0,120780250.0,108702225.0,96624200.0,84546175.0,72468150.0,60390125.0,48312100.0,36234075.0,24156050.0,12078025.0,0.0,0.0,0.0,0.0,0.0,0.0
start2023_90pct2035_100pct2045,4808220000.0,4808220000.0,4808220000.0,4808220000.0,4808220000.0,4808220000.0,4808220000.0,4808220000.0,4808220000.0,4808220000.0,4808220000.0,4808220000.0,4808220000.0,1207802500.0,1127282333.0,1046762167.0,966242000.0,885721833.0,805201667.0,724681500.0,644161333.0,563641167.0,483121000.0,402600833.0,322080667.0,241560500.0,217404450.0,193248400.0,169092350.0,144936300.0,120780250.0,96624200.0,72468150.0,48312100.0,24156050.0,0.0,0.0,0.0,0.0,0.0,0.0
start2024_80pct2030_100pct2035,4822444000.0,4822444000.0,4822444000.0,4822444000.0,4822444000.0,4822444000.0,4822444000.0,4822444000.0,4822444000.0,4822444000.0,4822444000.0,4822444000.0,4822444000.0,4822444000.0,1246003103.0,1118709986.0,991416869.0,864123752.0,736830634.0,609537517.0,482244400.0,385795520.0,289346640.0,192897760.0,96448880.0,0.0,0.0,0.0,0.0,0.0,0.0,0.0,0.0,0.0,0.0,0.0,0.0,0.0,0.0,0.0,0.0
start2024_90pct2035_100pct2045,4822444000.0,4822444000.0,4822444000.0,4822444000.0,4822444000.0,4822444000.0,4822444000.0,4822444000.0,4822444000.0,4822444000.0,4822444000.0,4822444000.0,4822444000.0,4822444000.0,1278948385.0,1184600550.0,1090252715.0,995904880.0,901557045.0,807209210.0,712861375.0,618513540.0,524165705.0,429817870.0,335470035.0,241122200.0,217009980.0,192897760.0,168785540.0,144673320.0,120561100.0,96448880.0,72336660.0,48224440.0,24112220.0,0.0,0.0,0.0,0.0,0.0,0.0
start2027_100pct2035,4808220000.0,4808220000.0,4808220000.0,4808220000.0,4808220000.0,4808220000.0,4808220000.0,4808220000.0,4808220000.0,4808220000.0,4808220000.0,4808220000.0,4808220000.0,4808220000.0,4808220000.0,4808220000.0,4808220000.0,1106792889.0,968443777.8,830094666.7,691745555.6,553396444.4,415047333.3,276698222.2,138349111.1,0.0,0.0,0.0,0.0,0.0,0.0,0.0,0.0,0.0,0.0,0.0,0.0,0.0,0.0,0.0,0.0
start2027_95pct2050,4808220000.0,4808220000.0,4808220000.0,4808220000.0,4808220000.0,4808220000.0,4808220000.0,4808220000.0,4808220000.0,4808220000.0,4808220000.0,4808220000.0,4808220000.0,4808220000.0,4808220000.0,4808220000.0,4808220000.0,1198285081.0,1151428162.0,1104571244.0,1057714325.0,1010857406.0,964000487.5,917143568.7,870286650.0,823429731.2,776572812.5,729715893.7,682858975.0,636002056.2,589145137.5,542288218.7,495431300.0,448574381.2,401717462.5,354860543.7,308003625.0,261146706.2,214289787.5,167432868.8,120575950.0
start2027_100pct2035_co2eWprecomb,4808220000.0,4808220000.0,4808220000.0,4808220000.0,4808220000.0,4808220000.0,4808220000.0,4808220000.0,4808220000.0,4808220000.0,4808220000.0,4808220000.0,4808220000.0,4808220000.0,4808220000.0,4808220000.0,4808220000.0,1411350127.0,1234931361.0,1058512595.0,882093829.3,705675063.5,529256297.6,352837531.7,176418765.9,0.0,0.0,0.0,0.0,0.0,0.0,0.0,0.0,0.0,0.0,0.0,0.0,0.0,0.0,0.0,0.0
start2027_95pct2050_co2eWprecomb,4808220000.0,4808220000.0,4808220000.0,4808220000.0,4808220000.0,4808220000.0,4808220000.0,4808220000.0,4808220000.0,4808220000.0,4808220000.0,4808220000.0,4808220000.0,4808220000.0,4808220000.0,4808220000.0,4808220000.0,1528018312.0,1466825166.0,1405632019.0,1344438873.0,1283245727.0,1222052581.0,1160859435.0,1099666289.0,1038473142.0,977279996.3,916086850.1,854893703.9,793700557.8,732507411.6,671314265.5,610121119.3,548927973.1,487734827.0,426541680.8,365348534.6,304155388.5,242962242.3,181769096.2,120575950.0
start2027_95pct2035,4808220000.0,4808220000.0,4808220000.0,4808220000.0,4808220000.0,4808220000.0,4808220000.0,4808220000.0,4808220000.0,4808220000.0,4808220000.0,4808220000.0,4808220000.0,4808220000.0,4808220000.0,4808220000.0,4808220000.0,1120190217.0,995238433.3,870286650.0,745334866.7,620383083.3,495431300.0,370479516.7,245527733.3,120575950.0,120575950.0,120575950.0,120575950.0,120575950.0,120575950.0,120575950.0,120575950.0,120575950.0,120575950.0,120575950.0,120575950.0,120575950.0,120575950.0,120575950.0,120575950.0
start2027_95pct2035_co2eWprecomb,4808220000.0,4808220000.0,4808220000.0,4808220000.0,4808220000.0,4808220000.0,4808220000.0,4808220000.0,4808220000.0,4808220000.0,4808220000.0,4808220000.0,4808220000.0,4808220000.0,4808220000.0,4808220000.0,4808220000.0,1428434010.0,1264951752.0,1101469495.0,937987237.5,774504980.0,611022722.5,447540465.0,284058207.5,120575950.0,120575950.0,120575950.0,120575950.0,120575950.0,120575950.0,120575950.0,120575950.0,120575950.0,120575950.0,120575950.0,120575950.0,120575950.0,120575950.0,120575950.0,120575950.0
start2027_95pct2050_nonlinear,4808220000.0,4808220000.0,4808220000.0,4808220000.0,4808220000.0,4808220000.0,4808220000.0,4808220000.0,4808220000.0,4808220000.0,4808220000.0,4808220000.0,4808220000.0,4808220000.0,4808220000.0,4808220000.0,4808220000.0,2223956411.0,2036393822.0,1848831233.0,1661268644.0,1473706056.0,1286143467.0,1098580878.0,911018288.9,723455700.0,683263716.7,643071733.3,602879750.0,562687766.7,522495783.3,482303800.0,442111816.7,401919833.3,361727850.0,321535866.7,281343883.3,241151900.0,200959916.7,160767933.3,120575950.0
start2032_95pct2050,4808220000.0,4808220000.0,4808220000.0,4808220000.0,4808220000.0,4808220000.0,4808220000.0,4808220000.0,4808220000.0,4808220000.0,4808220000.0,4808220000.0,4808220000.0,4808220000.0,4808220000.0,4808220000.0,4808220000.0,4808220000.0,4808220000.0,4808220000.0,4808220000.0,4808220000.0,2223956411.0,2036393822.0,1848831233.0,1661268644.0,1473706056.0,1286143467.0,1098580878.0,911018288.9,723455700.0,663167725.0,602879750.0,542591775.0,482303800.0,422015825.0,361727850.0,301439875.0,241151900.0,180863925.0,120575950.0
start2027_100pct2050_cave_15,4808220000.0,4808220000.0,4808220000.0,4808220000.0,4808220000.0,4808220000.0,4808220000.0,4808220000.0,4808220000.0,4808220000.0,4808220000.0,4808220000.0,4808220000.0,4808220000.0,4808220000.0,4808220000.0,4808220000.0,2411519000.0,2064501415.8999999,1765955363.6999998,1508887438.3000002,1287751146.0,1097482296.9,933499004.9,792425143.4,671125737.6999999,566706965.0,476757306.29999995,399347546.4,332548470.09999996,275395469.8,225959330.3,183516595.9,146861507.1,115511760.1,88261595.4,65111013.0,44854253.4,27732468.5,12781050.7,0.0
start2027_96pct2050_cave_15,4808220000.0,4808220000.0,4808220000.0,4808220000.0,4808220000.0,4808220000.0,4808220000.0,4808220000.0,4808220000.0,4808220000.0,4808220000.0,4808220000.0,4808220000.0,4808220000.0,4808220000.0,4808220000.0,4808220000.0,2411519000.0,2078488226.1,1791758617.0,1545060223.3000002,1332846551.3,1150053411.1,992581220.4000001,857295004.5,740818636.8,640499446.4,554167066.2,479651129.09999996,415745875.6,360763242.40000004,313256318.09999996,272501647.0,237534621.5,207149482.10000002,181346228.8,158919102.1,139626950.1,122987468.99999999,108759506.9,96460760.0
start2027_84pct2050_cave_15,4808220000.0,4808220000.0,4808220000.0,4808220000.0,4808220000.0,4808220000.0,4808220000.0,4808220000.0,4808220000.0,4808220000.0,4808220000.0,4808220000.0,4808220000.0,4808220000.0,4808220000.0,4808220000.0,4808220000.0,2411519000.0,2120207504.8,1869168376.9,1653337426.3999999,1467650463.4,1307766753.7,1170069018.8,1051422284.0,949656182.1999999,861876890.6,786155194.0,721285332.9,665338092.0999999,617107712.1,575629585.3,539939104.1,509312812.8,482786103.79999995,460117825.2,440343369.40000004,423703888.3,408993622.4,396694875.5,385843040.0
start2027_64pct2050_cave_15,4808220000.0,4808220000.0,4808220000.0,4808220000.0,4808220000.0,4808220000.0,4808220000.0,4808220000.0,4808220000.0,4808220000.0,4808220000.0,4808220000.0,4808220000.0,4808220000.0,4808220000.0,4808220000.0,4808220000.0,2411519000.0,2189418100.1,1998425795.3,1833960199.5,1692404034.2,1570381172.8,1465721248.2,1375289285.7,1297638373.9,1230839297.6,1173203993.5,1123767854.0,1081083967.7,1044428878.9,1012837980.0,985587815.3000001,962196081.0,941939321.4,924576384.6,909866118.7,896843916.1,885750928.7,876346004.6,868146840.0
start2027_36pct2050_cave_15,4808220000.0,4808220000.0,4808220000.0,4808220000.0,4808220000.0,4808220000.0,4808220000.0,4808220000.0,4808220000.0,4808220000.0,4808220000.0,4808220000.0,4808220000.0,4808220000.0,4808220000.0,4808220000.0,4808220000.0,2411519000.0,2286602315.8,2179048568.4,2086687390.6999998,2006866111.8000002,1938378972.1999998,1879537908.6,1828654857.7,1785006363.8,1747386667.4,1715072312.8000002,1687098692.4,1663224654.3,1642485590.9,1624640350.3,1609447780.6,1596184426.1000001,1584850286.8,1575204210.8,1566763894.3000002,1559529337.3000002,1553259387.9,1547954046.1000001,1543372160.0
start2027_0pct2050_cave_15,4808220000.0,4808220000.0,4808220000.0,4808220000.0,4808220000.0,4808220000.0,4808220000.0,4808220000.0,4808220000.0,4808220000.0,4808220000.0,4808220000.0,4808220000.0,4808220000.0,4808220000.0,4808220000.0,4808220000.0,2411519000.0,2411519000.0,2411519000.0,2411519000.0,2411519000.0,2411519000.0,2411519000.0,2411519000.0,2411519000.0,2411519000.0,2411519000.0,2411519000.0,2411519000.0,2411519000.0,2411519000.0,2411519000.0,2411519000.0,2411519000.0,2411519000.0,2411519000.0,2411519000.0,2411519000.0,2411519000.0,2411519000.0
